ID_Produit,Nom_Produit_1,Lien_Produit_1,Description_1,Prix,Lien_Couleur_1,Lien_Couleur_2,Nom_Produit_2,Description_2,Lien_Produit_2,Categorie_Genre,Option_1,Option_2,Lien_Option,Details_Supplementaires,Nombre_Couleurs,Toutes_Les_Couleurs,,
1,Nike Air Force 1 '01,nike.com/fr/launch/r/IV4501-100,Nike Air Force 1 '01 Chaussure pour homme,139.99,Aucun,Aucun,Aucun,Aucun,Aucun,Aucun,Nike Air Force 1 '01,Chaussure pour homme,Aucun,Aucun,3,"Aucun, Aucun, Aucun",,
2,Nike Air Force 1 '07,nike.com/fr/t/chaussure-nike-air-force-1-07-pour-homme-n8juM1H2/IH1698-003,Nike Air Force 1 '07 Chaussure pour homme,119.99,nike.com/fr/t/chaussure-nike-air-force-1-07-pour-homme-n8juM1H2/CW2288-111,nike.com/fr/t/chaussure-nike-air-force-1-07-pour-homme-n8juM1H2/CT2302-100,Nike Air Force 1 '07,Chaussure pour homme,nike.com/fr/t/chaussure-nike-air-force-1-07-pour-homme-n8juM1H2/CW2288-001,Noir/Noir,Aucun,Aucun,Aucun,Noir/Blanc,3,"Blanc/Blanc, Blanc/Noir, nike.com/fr/t/chaussure-nike-air-force-1-07-pour-homme-n8juM1H2/CT2302-002",,
3,Nike Air Force 1 Shadow,nike.com/fr/t/chaussure-nike-air-force-1-shadow-pour-femme-1TNBqJ7A/CI0919-100,Nike Air Force 1 Shadow Chaussure pour Femme,129.99,Aucun,Aucun,Aucun,Aucun,Aucun,Aucun,Nike Air Force 1 Shadow,Chaussure pour Femme,Aucun,Aucun,3,"Aucun, Aucun, Aucun",,
4,Nike Air Force 1 Tech Essential,nike.com/fr/t/chaussure-nike-air-force-1-tech-essential-pour-ado-bJ0Xzpp2/IQ6515-300,Nike Air Force 1 Tech Essential Chaussure pour ado,99.99,nike.com/fr/t/chaussure-nike-air-force-1-tech-essential-pour-ado-bJ0Xzpp2/IQ6515-300,nike.com/fr/t/chaussure-nike-air-force-1-lv8-pour-ado-bJ0Xzpp2/IV5765-078,Nike Air Force 1 Tech Essential,Chaussure pour ado,nike.com/fr/t/chaussure-nike-air-force-1-low-lv8-pour-pre-ado-bJ0Xzpp2/IX7951-100,Blanc/Pink Foam/Burgundy Crush,Aucun,Aucun,Dernières sorties,Blanc/Metallic Silver,3,"Tarp Green/Metallic Silver/Light Menta/Light Army, Vast Grey/Sail, nike.com/fr/t/chaussure-nike-air-force-1-pour-ado-bJ0Xzpp2/IQ7194-100",,
5,Nike Air Force 1 '07 EasyOn,nike.com/fr/t/chaussure-nike-air-force-1-07-easyon-pour-femme-20Y9Lfal/DX5883-100,Nike Air Force 1 '07 EasyOn Chaussure pour femme,119.99,Aucun,Aucun,Aucun,Aucun,Aucun,Aucun,Nike Air Force 1 '07 EasyOn,Chaussure pour femme,Aucun,Aucun,3,"Aucun, Aucun, Aucun",,
6,Nike Air Force 1 Luxe,nike.com/fr/t/chaussures-nike-air-force-1-luxe-pour-homme-sy5wvDzK/DB4109-001,Nike Air Force 1 Luxe Chaussure pour Homme,139.99,Aucun,Aucun,Aucun,Aucun,Aucun,Aucun,Aucun,Aucun,Aucun,Aucun,3,"Aucun, Aucun, Aucun",,
7,Nike Air Force 1 '07,nike.com/fr/t/chaussure-nike-air-force-1-07-pour-homme-PXqYCgNp/IX0349-100,Nike Air Force 1 '07 Chaussure pour homme,119.99,nike.com/fr/t/chaussure-nike-air-force-1-07-pour-homme-PXqYCgNp/IX0349-100,nike.com/fr/t/chaussure-nike-air-force-1-07-pour-homme-PXqYCgNp/IV5732-002,Nike Air Force 1 '07,Chaussure pour homme,nike.com/fr/t/chaussure-nike-air-force-1-07-pour-homme-PXqYCgNp/IV5732-003,Noir/Anthracite,Aucun,Aucun,Aucun,Aucun,3,"Blanc/Fir/Cool Grey/Cool Grey, College Grey/Newsprint, Aucun",,
8,Nike Air Force 1 '07 LX Vibram,nike.com/fr/t/chaussure-nike-air-force-1-07-lx-vibram-pour-homme-6lfSRsaO/IH1943-002,Nike Air Force 1 '07 LX Vibram Chaussure pour homme,129.99,nike.com/fr/t/chaussure-nike-air-force-1-07-lx-vibram-pour-homme-6lfSRsaO/IH1943-002,nike.com/fr/t/chaussure-air-force-1-gore-tex-vibram-pour-homme-6lfSRsaO/HV5953-002,Nike Air Force 1 '07 LX Vibram,Chaussure pour homme,nike.com/fr/t/chaussure-air-force-1-gore-tex-vibram-pour-homme-6lfSRsaO/HV5953-100,Summit White/Off White/Speed Yellow/Summit White,Aucun,Aucun,Aucun,Silt Red/Light Violet Ore/Speed Yellow/Noir,3,"Noir/Light Lemon Twist/Speed Yellow/Smoke Grey, Black Pine/Noir/Pink Foam/Tech Grey, nike.com/fr/t/chaussure-nike-air-force-1-07-lx-vibram-pour-homme-6lfSRsaO/IH1943-600",,
9,Nike Air Force 1 '07 LV8,nike.com/fr/t/chaussure-nike-air-force-1-07-lv8-pour-homme-CcXoUHU9/IV6028-100,Nike Air Force 1 '07 LV8 Chaussure pour homme,129.99,nike.com/fr/t/chaussure-nike-air-force-1-07-lv8-pour-homme-CcXoUHU9/IV6028-100,nike.com/fr/t/chaussure-nike-air-force-1-07-lv8-pour-homme-CcXoUHU9/IW3476-001,Nike Air Force 1 '07 LV8,Chaussure pour homme,nike.com/fr/t/chaussure-nike-air-force-1-07-lv8-pour-homme-CcXoUHU9/IR2007-100,Blanc/Noir/Cool Grey/Metallic Cool Grey,Aucun,Aucun,Meilleure vente,Aucun,3,"Blanc/Noir/Reflect Silver, Noir/Cool Grey/Cool Grey, Aucun",,
10,Nike Air Force 1 By You,nike.com/fr/u/custom-air-force-1-by-you-10002400/2723994017,Nike Air Force 1 By You Chaussure pour ado,119.99,nike.com/fr/u/custom-air-force-1-by-you-10002400/2723994017,nike.com/fr/u/custom-air-force-1-by-you-10002400/7619525595,Nike Air Force 1 By You,Chaussure pour ado,nike.com/fr/u/custom-air-force-1-by-you-10002400/7183598704,Multicolore/Multicolore,Aucun,Aucun,Dernières sorties,Multicolore/Multicolore,3,"Multicolore/Multicolore, Multicolore/Multicolore, nike.com/fr/u/custom-air-force-1-by-you-10002400/9526810203",,
11,"Nike Air Force 1 '07 ""Plaid""",nike.com/fr/t/chaussure-nike-air-force-1-07-plaid-pour-femme-2OuGSzcE/IR5596-001,"Nike Air Force 1 '07 ""Plaid"" Chaussure pour femme",129.99,nike.com/fr/t/chaussure-nike-air-force-1-07-plaid-pour-femme-2OuGSzcE/IR5596-001,nike.com/fr/t/chaussure-nike-air-force-1-07-plaid-pour-femme-2OuGSzcE/IR5596-900,"Nike Air Force 1 '07 ""Plaid""",Chaussure pour femme,Aucun,Aucun,Aucun,Aucun,Dernières sorties,Aucun,3,"Noir/Tough Red/Blanc/Noir, Multicolore/Yellow Ochre/Blanc/Noir, Aucun",,
12,Nike Air Force 1 '07,nike.com/fr/t/chaussure-nike-air-force-1-07-pour-femme-5ow99GN4/IO0442-200,Nike Air Force 1 '07 Chaussure pour femme,149.99,nike.com/fr/t/chaussure-nike-air-force-1-07-pour-femme-5ow99GN4/IO0442-200,nike.com/fr/t/chaussure-nike-air-force-1-07-pour-femme-5ow99GN4/IX7434-100,Nike Air Force 1 '07,Chaussure pour femme,Aucun,Aucun,Aucun,Aucun,Meilleure vente,Aucun,3,"Field Brown/Field Brown/Gum Medium Brown/Sail, Blanc/Metallic Silver/Blanc, Aucun",,
13,Nike Air Force 1 '07 LV8 « USA »,nike.com/fr/t/chaussure-nike-air-force-1-07-lv8-usa-pour-homme-0vyzM34X/IQ0407-100,Nike Air Force 1 '07 LV8 « USA » Chaussure pour homme,119.99,Aucun,Aucun,Aucun,Aucun,Aucun,Aucun,Nike Air Force 1 '07 LV8 « USA »,Chaussure pour homme,Aucun,Aucun,3,"Aucun, Aucun, Aucun",,
14,Kobe Air Force 1 Low,nike.com/fr/t/chaussure-kobe-air-force-1-low-pour-ado-fRjNqlRX/IW2222-001,Kobe Air Force 1 Low Chaussure pour ado,104.99,Aucun,Aucun,Aucun,Aucun,Aucun,Aucun,Kobe Air Force 1 Low,Chaussure pour ado,Aucun,Aucun,3,"Aucun, Aucun, Aucun",,
15,Air Force 1 '07 LV8 « Denim »,nike.com/fr/t/chaussure-air-force-1-07-lv8-denim-pour-homme-Bk73oSVi/IR0951-003,Air Force 1 '07 LV8 « Denim » Chaussure pour homme,119.99,Aucun,Aucun,Aucun,Aucun,Aucun,Aucun,Air Force 1 '07 LV8 « Denim »,Chaussure pour homme,Aucun,Aucun,3,"Aucun, Aucun, Aucun",,
16,Nike Air Force 1 Low Protro LOTR,nike.com/fr/t/chaussure-nike-air-force-1-low-protro-lotr-pour-ado-FXBQTm0t/IW2221-100,Nike Air Force 1 Low Protro LOTR Chaussure pour ado,104.99,Aucun,Aucun,Aucun,Aucun,Aucun,Aucun,Nike Air Force 1 Low Protro LOTR,Chaussure pour ado,Aucun,Aucun,3,"Aucun, Aucun, Aucun",,
17,Nike Air Force 1 Mid '07,nike.com/fr/t/chaussure-nike-air-force-1-mid-07-pour-homme-jjYRNuED/CW2289-111,Nike Air Force 1 Mid '07 Chaussure pour Homme,119.99,Aucun,Aucun,Aucun,Aucun,Aucun,Aucun,Nike Air Force 1 Mid '07,Chaussure pour Homme,Aucun,Aucun,3,"Aucun, Aucun, Aucun",,
18,Nike Air Force 1 Mid '07 GORE-TEX Vibram®,nike.com/fr/t/chaussure-nike-air-force-1-mid-07-gore-tex-vibram-pour-homme-dfEJzjWe/IO1875-100,Nike Air Force 1 Mid '07 GORE-TEX Vibram® Chaussure pour homme,199.99,Aucun,Aucun,Aucun,Aucun,Aucun,Aucun,Nike Air Force 1 Mid '07 GORE-TEX Vibram®,Chaussure pour homme,Aucun,Aucun,3,"Aucun, Aucun, Aucun",,
19,Nike Air Force 1 '07 Edge,nike.com/fr/t/chaussure-nike-air-force-1-07-edge-pour-homme-sHy510bF/IM5750-100,Nike Air Force 1 '07 Edge Chaussure pour homme,129.99,Aucun,Aucun,Aucun,Aucun,Aucun,Aucun,Nike Air Force 1 '07 Edge,Chaussure pour homme,Aucun,Aucun,3,"Aucun, Aucun, Aucun",,
20,Nike Air Force 1 '07,nike.com/fr/t/chaussure-nike-air-force-1-07-pour-femme-7uQT9hBg/IV5197-200,Nike Air Force 1 '07 Chaussure pour femme,119.99,Aucun,Aucun,Aucun,Aucun,Aucun,Aucun,Nike Air Force 1 '07,Chaussure pour femme,Aucun,Aucun,3,"Aucun, Aucun, Aucun",,
21,Nike Air Force 1 '07 Mid,nike.com/fr/t/chaussure-nike-air-force-1-07-mid-pour-femme-zTGrefTW/DD9625-100,Nike Air Force 1 '07 Mid Chaussure pour Femme,129.99,Aucun,Aucun,Aucun,Aucun,Aucun,Aucun,Nike Air Force 1 '07 Mid,Chaussure pour Femme,Aucun,Aucun,3,"Aucun, Aucun, Aucun",,
22,Nike Force 1 Low,nike.com/fr/t/chaussure-nike-force-1-low-pour-enfant-2AV7Znry/IF1673-100,Nike Force 1 Low Chaussure pour enfant,69.99,nike.com/fr/t/chaussure-nike-force-1-low-pour-enfant-2AV7Znry/IF1673-100,nike.com/fr/t/chaussure-nike-force-1-low-pour-enfant-2AV7Znry/IF1673-001,Nike Force 1 Low,Chaussure pour enfant,nike.com/fr/t/chaussure-nike-force-1-low-easyon-pour-enfant-2AV7Znry/IH4498-001,Noir/Noir/Noir/Noir,Aucun,Aucun,Aucun,Blanc/Platinum Tint/Pure Platinum,3,"Blanc/Blanc/Blanc/Blanc, Noir/Noir/Noir/Noir, nike.com/fr/t/chaussure-nike-force-1-low-pour-enfant-2AV7Znry/IR0596-102",,
23,Nike Force 1 Low EasyOn,nike.com/fr/t/chaussure-nike-force-1-low-easyon-pour-bebe-et-tout-petit-gGTNorMu/IH4491-100,Nike Force 1 Low EasyOn Chaussure pour bébé et tout-petit,59.99,nike.com/fr/t/chaussure-nike-force-1-low-easyon-pour-bebe-et-tout-petit-gGTNorMu/IH4491-100,nike.com/fr/t/chausson-nike-force-1-crib-pour-bebe-gGTNorMu/CK2201-100,Nike Force 1 Low EasyOn,Chaussure pour bébé et tout-petit,nike.com/fr/t/chaussure-nike-force-1-low-easyon-pour-bebe-et-tout-petit-gGTNorMu/IH4491-101,Blanc/Blanc/Blanc,Aucun,Aucun,Dernières sorties,Arctic Pink/Pale Pink/Pale Pink/Arctic Pink,3,"Blanc/Noir, Blanc/Blanc/Blanc, nike.com/fr/t/chaussure-nike-force-1-low-easyon-pour-bebe-et-tout-petit-gGTNorMu/IZ1998-600",,
24,Nike Air Force 1 '07,nike.com/fr/t/chaussure-nike-air-force-1-07-pour-homme-H7b17STt/IX7257-133,Nike Air Force 1 '07 Chaussure pour homme,119.99,nike.com/fr/t/chaussure-nike-air-force-1-07-pour-homme-H7b17STt/IX7257-133,nike.com/fr/t/chaussure-nike-air-force-1-07-pour-homme-H7b17STt/IH7332-001,Nike Air Force 1 '07,Chaussure pour homme,Aucun,Aucun,Aucun,Aucun,Dernières sorties,Aucun,3,"Summit White/Yellow Ochre/Midnight Navy, Soft Pearl/Blanc/Ghost, Aucun",,
25,Nike Air Force 1 Mid '07,nike.com/fr/t/chaussures-nike-air-force-1-mid-07-pour-homme-Loc791DS/DJ9158-200,Nike Air Force 1 Mid '07 Chaussure pour Homme,129.99,Aucun,Aucun,Aucun,Aucun,Aucun,Aucun,Nike Air Force 1 Mid '07,Chaussure pour Homme,Aucun,Aucun,3,"Aucun, Aucun, Aucun",,
26,Nike Air Force 1 Mid '07,nike.com/fr/t/chaussure-nike-air-force-1-mid-07-pour-homme-GPqpDq/CW2289-001,Nike Air Force 1 Mid '07 Chaussure pour Homme,119.99,Aucun,Aucun,Aucun,Aucun,Aucun,Aucun,Nike Air Force 1 Mid '07,Chaussure pour Homme,Aucun,Aucun,3,"Aucun, Aucun, Aucun",,
27,Nike SB Air Force 1 x Yuto,nike.com/fr/launch/r/IO8439-100,Nike SB Air Force 1 x Yuto Chaussure de skate,119.99,Aucun,Aucun,Aucun,Aucun,Aucun,Aucun,Nike SB Air Force 1 x Yuto,Chaussure de skate,Aucun,Aucun,3,"Aucun, Aucun, Aucun",,
28,Nike Air Force 1 Low '07,nike.com/fr/t/chaussure-nike-air-force-1-low-07-pour-homme-2vtuTm6r/DO6701-100,Nike Air Force 1 Low '07 Chaussure pour homme,129.99,nike.com/fr/t/chaussure-nike-air-force-1-low-07-pour-homme-2vtuTm6r/DO6701-100,nike.com/fr/t/chaussure-nike-air-force-1-low-07-pour-homme-2vtuTm6r/DO6701-236,Nike Air Force 1 Low '07,Chaussure pour homme,Aucun,Aucun,Aucun,Aucun,Dernières sorties,Aucun,3,"Blanc/Blanc/Blanc, Cream II/Noir/Cream II, Aucun",,
29,Nike Air Force 1 '07 SE Leopard,nike.com/fr/t/chaussure-nike-air-force-1-07-se-leopard-pour-femme-XOevZdXR/JA5714-900,Nike Air Force 1 '07 SE Leopard Chaussure pour femme,129.99,Aucun,Aucun,Aucun,Aucun,Aucun,Aucun,Nike Air Force 1 '07 SE Leopard,Chaussure pour femme,Aucun,Aucun,3,"Aucun, Aucun, Aucun",,
30,Nike Air Force 1 '07 Suede,nike.com/fr/t/chaussure-nike-air-force-1-07-suede-pour-femme-v0ot8Z6a/IQ0136-200,Nike Air Force 1 '07 Suede Chaussure pour femme,129.99,nike.com/fr/t/chaussure-nike-air-force-1-07-suede-pour-femme-v0ot8Z6a/IQ0136-200,nike.com/fr/t/chaussure-nike-air-force-1-07-se-shagreen-pour-femme-v0ot8Z6a/IQ0135-100,Nike Air Force 1 '07 Suede,Chaussure pour femme,nike.com/fr/t/chaussure-nike-air-force-1-retro-premium-pour-femme-v0ot8Z6a/IQ9722-201,Cacao Wow/Infinite Sable,Aucun,Aucun,Dernières sorties,Burgundy Crush/Noir/Burgundy Crush,3,"Cacao Wow/Team Green/Mint Foam/Soft Pearl, Sail/Sail, nike.com/fr/t/chaussure-nike-air-force-1-07-pour-femme-v0ot8Z6a/HV4406-600",,
31,Kobe Air Force 1 Low,nike.com/fr/t/chaussure-kobe-air-force-1-low-pour-homme-WlLlrBp6/IB0018-103,Kobe Air Force 1 Low Chaussure pour homme,119.99,nike.com/fr/t/chaussure-kobe-air-force-1-low-pour-homme-WlLlrBp6/IB0018-103,nike.com/fr/t/chaussure-kobe-air-force-1-low-pour-homme-WlLlrBp6/IB0018-006,Kobe Air Force 1 Low,Chaussure pour homme,Aucun,Aucun,Aucun,Aucun,Meilleure vente,Aucun,3,"Blanc/Armory Blue, Vast Grey/Blanc/Electric Green, Aucun",,
32,Nike Air Force 1 '07,nike.com/fr/t/chaussure-nike-air-force-1-07-pour-femme-hbLYXYJ4/DD8959-001,Nike Air Force 1 '07 Chaussure pour femme,119.99,nike.com/fr/t/chaussure-nike-air-force-1-07-pour-femme-hbLYXYJ4/DD8959-001,nike.com/fr/t/chaussure-nike-air-force-1-07-pour-femme-hbLYXYJ4/DD8959-100,Nike Air Force 1 '07,Chaussure pour femme,nike.com/fr/t/chaussure-nike-air-force-1-07-se-pour-femme-hbLYXYJ4/IF0498-101,Blanc/Persian Violet/Stadium Green/Blanc,Aucun,Aucun,Meilleure vente,Silt Red/Pink Foam/Metallic Gold/Blanc,3,"Noir/Noir/Noir/Noir, Blanc/Blanc/Blanc/Blanc, nike.com/fr/t/chaussure-air-force-1-07-low-se-pour-femme-hbLYXYJ4/IQ9964-600",,
33,Nike Air Force 1 Flyknit 2.0,nike.com/fr/t/chaussure-nike-air-force-1-flyknit-2-7EHtWGRa/AV3042-100,Nike Air Force 1 Flyknit 2.0 Chaussure,129.99,nike.com/fr/t/chaussure-nike-air-force-1-flyknit-2-7EHtWGRa/AV3042-100,nike.com/fr/t/chaussure-nike-air-force-1-flyknit-2-7EHtWGRa/AV3042-001,Nike Air Force 1 Flyknit 2.0,Chaussure,Aucun,Aucun,Aucun,Aucun,Meilleure vente,Aucun,3,"Blanc/Pure Platinum/Blanc/Pure Platinum, Noir/Noir/Blanc/Pure Platinum, Aucun",,
34,Nike Air Force 1 Low Retro Premium,nike.com/fr/t/chaussure-nike-air-force-1-low-retro-premium-pour-homme-CIeAyRJp/IM5755-101,Nike Air Force 1 Low Retro Premium Chaussure pour homme,139.99,nike.com/fr/t/chaussure-nike-air-force-1-low-retro-premium-pour-homme-CIeAyRJp/IM5755-101,nike.com/fr/t/chaussure-nike-air-force-1-low-retro-premium-pour-homme-CIeAyRJp/IM5755-100,Nike Air Force 1 Low Retro Premium,Chaussure pour homme,nike.com/fr/t/chaussure-nike-air-force-1-low-retro-premium-pour-homme-CIeAyRJp/IM5755-700,Wheat/Sail/Team Red/Wheat,Aucun,Aucun,Aucun,Aucun,3,"Summit White/Team Red/Metallic Silver/Summit White, Sanddrift/Pale Ivory/Sail/Sanddrift, Aucun",,
35,Nike Air Force 1 '07 LV8,nike.com/fr/t/chaussure-nike-air-force-1-07-lv8-pour-homme-oEJhgh9m/IR0952-100,Nike Air Force 1 '07 LV8 Chaussure pour homme,119.99,nike.com/fr/t/chaussure-nike-air-force-1-07-lv8-pour-homme-oEJhgh9m/IR0952-100,nike.com/fr/t/chaussure-nike-air-force-1-07-lv8-pour-homme-oEJhgh9m/IR0952-003,Nike Air Force 1 '07 LV8,Chaussure pour homme,nike.com/fr/t/chaussure-nike-air-force-1-07-lv8-pour-homme-oEJhgh9m/IR0952-002,Wolf Grey/Wolf Grey/Dark Smoke Grey,Aucun,Aucun,Aucun,Summit White/Summit White/Anthracite,3,"Blanc/Blanc/Noir, Geyser Grey/Blanc/Noir, nike.com/fr/t/chaussure-nike-air-force-1-07-lv8-pour-homme-oEJhgh9m/IV3415-100",,
36,Nike Air Force 1 '07 LV8,nike.com/fr/t/chaussure-nike-air-force-1-07-lv8-pour-homme-xRsZs8cj/IU7592-001,Nike Air Force 1 '07 LV8 Chaussure pour homme,129.99,nike.com/fr/t/chaussure-nike-air-force-1-07-lv8-pour-homme-xRsZs8cj/IU7592-001,nike.com/fr/t/chaussure-nike-air-force-1-07-lv8-pour-homme-xRsZs8cj/IU7592-078,Nike Air Force 1 '07 LV8,Chaussure pour homme,Aucun,Aucun,Aucun,Aucun,Aucun,Aucun,3,"Noir/Sail, Vast Grey/Sail, Aucun",,
37,Nike Air Force 1 '07 LV8,nike.com/fr/t/chaussure-nike-air-force-1-07-lv8-pour-homme-QyX8jhR0/IM5751-001,Nike Air Force 1 '07 LV8 Chaussure pour homme,119.99,nike.com/fr/t/chaussure-nike-air-force-1-07-lv8-pour-homme-QyX8jhR0/IM5751-001,nike.com/fr/t/chaussure-nike-air-force-1-07-lv8-pour-homme-QyX8jhR0/IM5751-100,Nike Air Force 1 '07 LV8,Chaussure pour homme,Aucun,Aucun,Aucun,Aucun,Aucun,Aucun,3,"Noir/Sail/Phantom/Noir, Blanc/Blanc, Aucun",,
38,"Nike Air Force 1 '07 ""Florette""",nike.com/fr/t/chaussure-nike-air-force-1-07-florette-pour-femme-SAhkjzYA/IR8637-001,"Nike Air Force 1 '07 ""Florette"" Chaussure pour femme",129.99,nike.com/fr/t/chaussure-nike-air-force-1-07-florette-pour-femme-SAhkjzYA/IR8637-001,nike.com/fr/t/chaussure-nike-air-force-1-07-florette-pour-femme-SAhkjzYA/IR8637-100,"Nike Air Force 1 '07 ""Florette""",Chaussure pour femme,nike.com/fr/t/chaussure-nike-air-force-1-07-florette-pour-femme-SAhkjzYA/IR8637-600,Pink Rise/Pink Foam/Metallic Silver/Pink Rise,Aucun,Aucun,Aucun,Aucun,3,"Noir/Off Noir/Metallic Silver/Noir, Blanc/Wolf Grey/Metallic Silver/Blanc, Aucun",,
39,Nike Air Force 1 '07,nike.com/fr/t/chaussure-nike-air-force-1-07-pour-femme-hjtc0QR2/IV6039-001,Nike Air Force 1 '07 Chaussure pour femme,129.99,nike.com/fr/t/chaussure-nike-air-force-1-07-pour-femme-hjtc0QR2/IV6039-001,nike.com/fr/t/chaussure-nike-air-force-1-07-pour-femme-hjtc0QR2/IU7557-236,Nike Air Force 1 '07,Chaussure pour femme,Aucun,Aucun,Aucun,Aucun,Aucun,Aucun,3,"Noir/Wolf Grey/Metallic Silver, Cream II/Metallic Silver/Blanc/Cream II, Aucun",,
40,Nike Air Force 1 '07 WB,nike.com/fr/t/chaussure-nike-air-force-1-07-wb-pour-homme-OTZ4C77A/CJ9179-200,Nike Air Force 1 '07 WB Chaussure pour homme,119.99,nike.com/fr/t/chaussure-nike-air-force-1-07-wb-pour-homme-OTZ4C77A/CJ9179-200,nike.com/fr/t/chaussure-nike-air-force-1-07-wb-pour-homme-OTZ4C77A/CJ9179-002,Nike Air Force 1 '07 WB,Chaussure pour homme,Aucun,Aucun,Aucun,Aucun,Aucun,Aucun,3,"Flax/Gum Light Brown/Noir/Wheat, Wolf Grey/Noir/Wolf Grey, Aucun",,
41,Nike Air Force 1 Mid By You,nike.com/fr/u/custom-nike-air-force-1-mid-by-you-10002286/1685956779,Nike Air Force 1 Mid By You Chaussure personnalisable pour homme,159.99,nike.com/fr/u/custom-nike-air-force-1-mid-by-you-10002286/1685956779,nike.com/fr/u/custom-nike-air-force-1-mid-by-you-10002286/2106261271,Nike Air Force 1 Mid By You,Chaussure personnalisable pour homme,nike.com/fr/u/custom-nike-air-force-1-mid-by-you-10002286/5822631487,Multicolore/Multicolore/Multicolore,Aucun,Aucun,Personnaliser,Multicolore/Multicolore/Multicolore,3,"Multicolore/Multicolore/Multicolore, Multicolore/Multicolore/Multicolore, nike.com/fr/u/custom-nike-air-force-1-mid-by-you-10002286/6127807627",,
42,Nike Air Force 1 Low By You,nike.com/fr/u/custom-nike-air-force-1-low-by-you-shoes-10002306/1886999330,Nike Air Force 1 Low By You Chaussure personnalisable pour femme,149.99,nike.com/fr/u/custom-nike-air-force-1-low-by-you-shoes-10002306/1886999330,nike.com/fr/u/custom-nike-air-force-1-low-by-you-shoes-10002306/2393840806,Nike Air Force 1 Low By You,Chaussure personnalisable pour femme,nike.com/fr/u/custom-nike-air-force-1-low-by-you-shoes-10002306/2805285795,Multicolore/Multicolore/Multicolore,Aucun,Aucun,Personnaliser,Multicolore/Multicolore/Multicolore,3,"Multicolore/Multicolore/Multicolore, Multicolore/Multicolore/Multicolore, nike.com/fr/u/custom-nike-air-force-1-low-by-you-shoes-10002306/7070266475",,
43,Nike Air Force 1 Mid By You,nike.com/fr/u/custom-nike-air-force-1-mid-by-you-10002287/2120804569,Nike Air Force 1 Mid By You Chaussure personnalisable pour femme,159.99,nike.com/fr/u/custom-nike-air-force-1-mid-by-you-10002287/2120804569,nike.com/fr/u/custom-nike-air-force-1-mid-by-you-10002287/2163453639,Nike Air Force 1 Mid By You,Chaussure personnalisable pour femme,nike.com/fr/u/custom-nike-air-force-1-mid-by-you-10002287/2646982836,Multicolore/Multicolore/Multicolore,Aucun,Aucun,Personnaliser,Multicolore/Multicolore/Multicolore,3,"Multicolore/Multicolore/Multicolore, Multicolore/Multicolore/Multicolore, nike.com/fr/u/custom-nike-air-force-1-mid-by-you-10002287/4523234192",,
44,Nike Air Force 1 Low By You,nike.com/fr/u/custom-nike-air-force-1-low-by-you-shoes-10002304/2255384254,Nike Air Force 1 Low By You Chaussure personnalisable pour homme,149.99,nike.com/fr/u/custom-nike-air-force-1-low-by-you-shoes-10002304/2255384254,nike.com/fr/u/custom-nike-air-force-1-low-by-you-shoes-10002304/4077806480,Nike Air Force 1 Low By You,Chaussure personnalisable pour homme,nike.com/fr/u/custom-nike-air-force-1-low-by-you-shoes-10002304/4311225433,Multicolore/Multicolore/Multicolore,Aucun,Aucun,Personnaliser,Multicolore/Multicolore/Multicolore,3,"Multicolore/Multicolore/Multicolore, Multicolore/Multicolore/Multicolore, nike.com/fr/u/custom-nike-air-force-1-low-by-you-shoes-10002304/6043660146",,
45,Nike Air Force 1 High By You,nike.com/fr/u/custom-nike-air-force-1-hi-by-you-10002298/4264899869,Nike Air Force 1 High By You Chaussure personnalisable pour femme,169.99,nike.com/fr/u/custom-nike-air-force-1-hi-by-you-10002298/4264899869,nike.com/fr/u/custom-nike-air-force-1-hi-by-you-10002298/4674946675,Nike Air Force 1 High By You,Chaussure personnalisable pour femme,nike.com/fr/u/custom-nike-air-force-1-hi-by-you-10002298/8563039723,Multicolore/Multicolore/Multicolore,Aucun,Aucun,Personnaliser,Multicolore/Multicolore/Multicolore,3,"Multicolore/Multicolore/Multicolore, Multicolore/Multicolore/Multicolore, nike.com/fr/u/custom-nike-air-force-1-hi-by-you-10002298/9409942501",,
46,Nike Air Force 1 High By You,nike.com/fr/u/custom-nike-air-force-1-hi-by-you-10002297/4285051922,Nike Air Force 1 High By You Chaussure personnalisable pour homme,169.99,nike.com/fr/u/custom-nike-air-force-1-hi-by-you-10002297/4285051922,nike.com/fr/u/custom-nike-air-force-1-hi-by-you-10002297/4778473677,Nike Air Force 1 High By You,Chaussure personnalisable pour homme,nike.com/fr/u/custom-nike-air-force-1-hi-by-you-10002297/6704988924,Multicolore/Multicolore/Multicolore,Aucun,Aucun,Personnaliser,Multicolore/Multicolore/Multicolore,3,"Multicolore/Multicolore/Multicolore, Multicolore/Multicolore/Multicolore, nike.com/fr/u/custom-nike-air-force-1-hi-by-you-10002297/7017805088",,
47,Nike Air Force 1 '07,nike.com/fr/t/chaussure-nike-air-force-1-07-pour-femme-lJn9klT8/IV6039-002,Nike Air Force 1 '07 Chaussure pour femme,90.99,Aucun,Aucun,Aucun,Aucun,Aucun,Aucun,Nike Air Force 1 '07,Chaussure pour femme,Aucun,Aucun,3,"Aucun, Aucun, Aucun",,
48,Nike Air Force 1 '07 LV8,nike.com/fr/t/chaussure-nike-air-force-1-07-lv8-pour-homme-jPCFIKqG/II9807-100,Nike Air Force 1 '07 LV8 Chaussure pour homme,83.99,Aucun,Aucun,Aucun,Aucun,Aucun,Aucun,Nike Air Force 1 '07 LV8,Chaussure pour homme,Aucun,Aucun,3,"Aucun, Aucun, Aucun",,
49,Nike Air Force 1 '01,nike.com/fr/launch/r/IV4501-100,Nike Air Force 1 '01 Chaussure pour homme,139.99,Aucun,Aucun,Aucun,Aucun,Aucun,Aucun,Nike Air Force 1 '01,Chaussure pour homme,Aucun,Aucun,3,"Aucun, Aucun, Aucun",,
50,Nike Air Force 1 '07,nike.com/fr/t/chaussure-nike-air-force-1-07-pour-homme-n8juM1H2/IH1698-003,Nike Air Force 1 '07 Chaussure pour homme,119.99,nike.com/fr/t/chaussure-nike-air-force-1-07-pour-homme-n8juM1H2/CW2288-111,nike.com/fr/t/chaussure-nike-air-force-1-07-pour-homme-n8juM1H2/CT2302-100,Nike Air Force 1 '07,Chaussure pour homme,nike.com/fr/t/chaussure-nike-air-force-1-07-pour-homme-n8juM1H2/CW2288-001,Noir/Noir,Aucun,Aucun,Aucun,Noir/Blanc,3,"Blanc/Blanc, Blanc/Noir, nike.com/fr/t/chaussure-nike-air-force-1-07-pour-homme-n8juM1H2/CT2302-002",,
51,Nike Air Force 1 Shadow,nike.com/fr/t/chaussure-nike-air-force-1-shadow-pour-femme-1TNBqJ7A/CI0919-100,Nike Air Force 1 Shadow Chaussure pour Femme,129.99,Aucun,Aucun,Aucun,Aucun,Aucun,Aucun,Nike Air Force 1 Shadow,Chaussure pour Femme,Aucun,Aucun,3,"Aucun, Aucun, Aucun",,
52,Nike Air Force 1 Tech Essential,nike.com/fr/t/chaussure-nike-air-force-1-tech-essential-pour-ado-bJ0Xzpp2/IQ6515-300,Nike Air Force 1 Tech Essential Chaussure pour ado,99.99,nike.com/fr/t/chaussure-nike-air-force-1-tech-essential-pour-ado-bJ0Xzpp2/IQ6515-300,nike.com/fr/t/chaussure-nike-air-force-1-lv8-pour-ado-bJ0Xzpp2/IV5765-078,Nike Air Force 1 Tech Essential,Chaussure pour ado,nike.com/fr/t/chaussure-nike-air-force-1-low-lv8-pour-pre-ado-bJ0Xzpp2/IX7951-100,Blanc/Pink Foam/Burgundy Crush,Aucun,Aucun,Dernières sorties,Blanc/Metallic Silver,3,"Tarp Green/Metallic Silver/Light Menta/Light Army, Vast Grey/Sail, nike.com/fr/t/chaussure-nike-air-force-1-pour-ado-bJ0Xzpp2/IQ7194-100",,
53,Nike Air Force 1 '07 EasyOn,nike.com/fr/t/chaussure-nike-air-force-1-07-easyon-pour-femme-20Y9Lfal/DX5883-100,Nike Air Force 1 '07 EasyOn Chaussure pour femme,119.99,Aucun,Aucun,Aucun,Aucun,Aucun,Aucun,Nike Air Force 1 '07 EasyOn,Chaussure pour femme,Aucun,Aucun,3,"Aucun, Aucun, Aucun",,
54,Nike Air Force 1 Luxe,nike.com/fr/t/chaussures-nike-air-force-1-luxe-pour-homme-sy5wvDzK/DB4109-001,Nike Air Force 1 Luxe Chaussure pour Homme,139.99,nike.com/fr/t/chaussures-nike-air-force-1-luxe-pour-homme-sy5wvDzK/DB4109-001,nike.com/fr/t/chaussures-nike-air-force-1-luxe-pour-homme-sy5wvDzK/DD9605-100,Nike Air Force 1 Luxe,Chaussure pour Homme,Aucun,Aucun,Aucun,Aucun,Aucun,Aucun,3,"Noir/Bucktan/Gum Yellow/Noir, Summit White/Light Bone/Summit White, Aucun",,
55,Nike Air Force 1 '07,nike.com/fr/t/chaussure-nike-air-force-1-07-pour-homme-PXqYCgNp/IX0349-100,Nike Air Force 1 '07 Chaussure pour homme,119.99,nike.com/fr/t/chaussure-nike-air-force-1-07-pour-homme-PXqYCgNp/IX0349-100,nike.com/fr/t/chaussure-nike-air-force-1-07-pour-homme-PXqYCgNp/IV5732-002,Nike Air Force 1 '07,Chaussure pour homme,nike.com/fr/t/chaussure-nike-air-force-1-07-pour-homme-PXqYCgNp/IV5732-003,Noir/Anthracite,Aucun,Aucun,Aucun,Aucun,3,"Blanc/Fir/Cool Grey/Cool Grey, College Grey/Newsprint, Aucun",,
56,Nike Air Force 1 '07 LX Vibram,nike.com/fr/t/chaussure-nike-air-force-1-07-lx-vibram-pour-homme-6lfSRsaO/IH1943-002,Nike Air Force 1 '07 LX Vibram Chaussure pour homme,129.99,nike.com/fr/t/chaussure-nike-air-force-1-07-lx-vibram-pour-homme-6lfSRsaO/IH1943-002,nike.com/fr/t/chaussure-air-force-1-gore-tex-vibram-pour-homme-6lfSRsaO/HV5953-002,Nike Air Force 1 '07 LX Vibram,Chaussure pour homme,nike.com/fr/t/chaussure-air-force-1-gore-tex-vibram-pour-homme-6lfSRsaO/HV5953-100,Summit White/Off White/Speed Yellow/Summit White,Aucun,Aucun,Aucun,Silt Red/Light Violet Ore/Speed Yellow/Noir,3,"Noir/Light Lemon Twist/Speed Yellow/Smoke Grey, Black Pine/Noir/Pink Foam/Tech Grey, nike.com/fr/t/chaussure-nike-air-force-1-07-lx-vibram-pour-homme-6lfSRsaO/IH1943-600",,
57,Nike Air Force 1 '07 LV8,nike.com/fr/t/chaussure-nike-air-force-1-07-lv8-pour-homme-CcXoUHU9/IV6028-100,Nike Air Force 1 '07 LV8 Chaussure pour homme,129.99,nike.com/fr/t/chaussure-nike-air-force-1-07-lv8-pour-homme-CcXoUHU9/IV6028-100,nike.com/fr/t/chaussure-nike-air-force-1-07-lv8-pour-homme-CcXoUHU9/IW3476-001,Nike Air Force 1 '07 LV8,Chaussure pour homme,nike.com/fr/t/chaussure-nike-air-force-1-07-lv8-pour-homme-CcXoUHU9/IR2007-100,Blanc/Noir/Cool Grey/Metallic Cool Grey,Aucun,Aucun,Meilleure vente,Aucun,3,"Blanc/Noir/Reflect Silver, Noir/Cool Grey/Cool Grey, Aucun",,
58,Nike Air Force 1 By You,nike.com/fr/u/custom-air-force-1-by-you-10002400/2723994017,Nike Air Force 1 By You Chaussure pour ado,119.99,nike.com/fr/u/custom-air-force-1-by-you-10002400/2723994017,nike.com/fr/u/custom-air-force-1-by-you-10002400/7619525595,Nike Air Force 1 By You,Chaussure pour ado,nike.com/fr/u/custom-air-force-1-by-you-10002400/7183598704,Multicolore/Multicolore,Aucun,Aucun,Dernières sorties,Multicolore/Multicolore,3,"Multicolore/Multicolore, Multicolore/Multicolore, nike.com/fr/u/custom-air-force-1-by-you-10002400/9526810203",,
59,"Nike Air Force 1 '07 ""Plaid""",nike.com/fr/t/chaussure-nike-air-force-1-07-plaid-pour-femme-2OuGSzcE/IR5596-001,"Nike Air Force 1 '07 ""Plaid"" Chaussure pour femme",129.99,nike.com/fr/t/chaussure-nike-air-force-1-07-plaid-pour-femme-2OuGSzcE/IR5596-001,nike.com/fr/t/chaussure-nike-air-force-1-07-plaid-pour-femme-2OuGSzcE/IR5596-900,"Nike Air Force 1 '07 ""Plaid""",Chaussure pour femme,Aucun,Aucun,Aucun,Aucun,Dernières sorties,Aucun,3,"Noir/Tough Red/Blanc/Noir, Multicolore/Yellow Ochre/Blanc/Noir, Aucun",,
60,Nike Air Force 1 '07,nike.com/fr/t/chaussure-nike-air-force-1-07-pour-femme-5ow99GN4/IO0442-200,Nike Air Force 1 '07 Chaussure pour femme,149.99,nike.com/fr/t/chaussure-nike-air-force-1-07-pour-femme-5ow99GN4/IO0442-200,nike.com/fr/t/chaussure-nike-air-force-1-07-pour-femme-5ow99GN4/IX7434-100,Nike Air Force 1 '07,Chaussure pour femme,Aucun,Aucun,Aucun,Aucun,Meilleure vente,Aucun,3,"Field Brown/Field Brown/Gum Medium Brown/Sail, Blanc/Metallic Silver/Blanc, Aucun",,
61,Nike Air Force 1 '07 LV8 « USA »,nike.com/fr/t/chaussure-nike-air-force-1-07-lv8-usa-pour-homme-0vyzM34X/IQ0407-100,Nike Air Force 1 '07 LV8 « USA » Chaussure pour homme,119.99,Aucun,Aucun,Aucun,Aucun,Aucun,Aucun,Nike Air Force 1 '07 LV8 « USA »,Chaussure pour homme,Aucun,Aucun,3,"Aucun, Aucun, Aucun",,
62,Kobe Air Force 1 Low,nike.com/fr/t/chaussure-kobe-air-force-1-low-pour-ado-fRjNqlRX/IW2222-001,Kobe Air Force 1 Low Chaussure pour ado,104.99,Aucun,Aucun,Aucun,Aucun,Aucun,Aucun,Kobe Air Force 1 Low,Chaussure pour ado,Aucun,Aucun,3,"Aucun, Aucun, Aucun",,
63,Air Force 1 '07 LV8 « Denim »,nike.com/fr/t/chaussure-air-force-1-07-lv8-denim-pour-homme-Bk73oSVi/IR0951-003,Air Force 1 '07 LV8 « Denim » Chaussure pour homme,119.99,Aucun,Aucun,Aucun,Aucun,Aucun,Aucun,Air Force 1 '07 LV8 « Denim »,Chaussure pour homme,Aucun,Aucun,3,"Aucun, Aucun, Aucun",,
64,Nike Air Force 1 Low Protro LOTR,nike.com/fr/t/chaussure-nike-air-force-1-low-protro-lotr-pour-ado-FXBQTm0t/IW2221-100,Nike Air Force 1 Low Protro LOTR Chaussure pour ado,104.99,Aucun,Aucun,Aucun,Aucun,Aucun,Aucun,Nike Air Force 1 Low Protro LOTR,Chaussure pour ado,Aucun,Aucun,3,"Aucun, Aucun, Aucun",,
65,Nike Air Force 1 Mid '07,nike.com/fr/t/chaussure-nike-air-force-1-mid-07-pour-homme-jjYRNuED/CW2289-111,Nike Air Force 1 Mid '07 Chaussure pour Homme,119.99,Aucun,Aucun,Aucun,Aucun,Aucun,Aucun,Nike Air Force 1 Mid '07,Chaussure pour Homme,Aucun,Aucun,3,"Aucun, Aucun, Aucun",,
66,Nike Air Force 1 Mid '07 GORE-TEX Vibram®,nike.com/fr/t/chaussure-nike-air-force-1-mid-07-gore-tex-vibram-pour-homme-dfEJzjWe/IO1875-100,Nike Air Force 1 Mid '07 GORE-TEX Vibram® Chaussure pour homme,199.99,Aucun,Aucun,Aucun,Aucun,Aucun,Aucun,Nike Air Force 1 Mid '07 GORE-TEX Vibram®,Chaussure pour homme,Aucun,Aucun,3,"Aucun, Aucun, Aucun",,
67,Nike Air Force 1 '07 Edge,nike.com/fr/t/chaussure-nike-air-force-1-07-edge-pour-homme-sHy510bF/IM5750-100,Nike Air Force 1 '07 Edge Chaussure pour homme,129.99,Aucun,Aucun,Aucun,Aucun,Aucun,Aucun,Nike Air Force 1 '07 Edge,Chaussure pour homme,Aucun,Aucun,3,"Aucun, Aucun, Aucun",,
68,Nike Air Force 1 '07,nike.com/fr/t/chaussure-nike-air-force-1-07-pour-femme-7uQT9hBg/IV5197-200,Nike Air Force 1 '07 Chaussure pour femme,119.99,Aucun,Aucun,Aucun,Aucun,Aucun,Aucun,Nike Air Force 1 '07,Chaussure pour femme,Aucun,Aucun,3,"Aucun, Aucun, Aucun",,
69,Nike Air Force 1 '07 Mid,nike.com/fr/t/chaussure-nike-air-force-1-07-mid-pour-femme-zTGrefTW/DD9625-100,Nike Air Force 1 '07 Mid Chaussure pour Femme,129.99,Aucun,Aucun,Aucun,Aucun,Aucun,Aucun,Nike Air Force 1 '07 Mid,Chaussure pour Femme,Aucun,Aucun,3,"Aucun, Aucun, Aucun",,
70,Nike Force 1 Low,nike.com/fr/t/chaussure-nike-force-1-low-pour-enfant-2AV7Znry/IF1673-100,Nike Force 1 Low Chaussure pour enfant,69.99,nike.com/fr/t/chaussure-nike-force-1-low-pour-enfant-2AV7Znry/IF1673-100,nike.com/fr/t/chaussure-nike-force-1-low-pour-enfant-2AV7Znry/IF1673-001,Nike Force 1 Low,Chaussure pour enfant,nike.com/fr/t/chaussure-nike-force-1-low-easyon-pour-enfant-2AV7Znry/IH4498-001,Noir/Noir/Noir/Noir,Aucun,Aucun,Aucun,Blanc/Platinum Tint/Pure Platinum,3,"Blanc/Blanc/Blanc/Blanc, Noir/Noir/Noir/Noir, nike.com/fr/t/chaussure-nike-force-1-low-pour-enfant-2AV7Znry/IR0596-102",,
71,Nike Force 1 Low EasyOn,nike.com/fr/t/chaussure-nike-force-1-low-easyon-pour-bebe-et-tout-petit-gGTNorMu/IH4491-100,Nike Force 1 Low EasyOn Chaussure pour bébé et tout-petit,59.99,nike.com/fr/t/chaussure-nike-force-1-low-easyon-pour-bebe-et-tout-petit-gGTNorMu/IH4491-100,nike.com/fr/t/chausson-nike-force-1-crib-pour-bebe-gGTNorMu/CK2201-100,Nike Force 1 Low EasyOn,Chaussure pour bébé et tout-petit,nike.com/fr/t/chaussure-nike-force-1-low-easyon-pour-bebe-et-tout-petit-gGTNorMu/IH4491-101,Blanc/Blanc/Blanc,Aucun,Aucun,Dernières sorties,Arctic Pink/Pale Pink/Pale Pink/Arctic Pink,3,"Blanc/Noir, Blanc/Blanc/Blanc, nike.com/fr/t/chaussure-nike-force-1-low-easyon-pour-bebe-et-tout-petit-gGTNorMu/IZ1998-600",,
72,Nike Air Force 1 '07,nike.com/fr/t/chaussure-nike-air-force-1-07-pour-homme-H7b17STt/IX7257-133,Nike Air Force 1 '07 Chaussure pour homme,119.99,nike.com/fr/t/chaussure-nike-air-force-1-07-pour-homme-H7b17STt/IX7257-133,nike.com/fr/t/chaussure-nike-air-force-1-07-pour-homme-H7b17STt/IH7332-001,Nike Air Force 1 '07,Chaussure pour homme,Aucun,Aucun,Aucun,Aucun,Dernières sorties,Aucun,3,"Summit White/Yellow Ochre/Midnight Navy, Soft Pearl/Blanc/Ghost, Aucun",,
73,Nike Air Force 1 Mid '07,nike.com/fr/t/chaussures-nike-air-force-1-mid-07-pour-homme-Loc791DS/DJ9158-200,Nike Air Force 1 Mid '07 Chaussure pour Homme,129.99,Aucun,Aucun,Aucun,Aucun,Aucun,Aucun,Nike Air Force 1 Mid '07,Chaussure pour Homme,Aucun,Aucun,3,"Aucun, Aucun, Aucun",,
74,Nike Air Force 1 Mid '07,nike.com/fr/t/chaussure-nike-air-force-1-mid-07-pour-homme-GPqpDq/CW2289-001,Nike Air Force 1 Mid '07 Chaussure pour Homme,119.99,Aucun,Aucun,Aucun,Aucun,Aucun,Aucun,Nike Air Force 1 Mid '07,Chaussure pour Homme,Aucun,Aucun,3,"Aucun, Aucun, Aucun",,
75,Nike SB Air Force 1 x Yuto,nike.com/fr/launch/r/IO8439-100,Nike SB Air Force 1 x Yuto Chaussure de skate,119.99,Aucun,Aucun,Aucun,Aucun,Aucun,Aucun,Nike SB Air Force 1 x Yuto,Chaussure de skate,Aucun,Aucun,3,"Aucun, Aucun, Aucun",,
76,Nike Air Force 1 Low '07,nike.com/fr/t/chaussure-nike-air-force-1-low-07-pour-homme-2vtuTm6r/DO6701-100,Nike Air Force 1 Low '07 Chaussure pour homme,129.99,nike.com/fr/t/chaussure-nike-air-force-1-low-07-pour-homme-2vtuTm6r/DO6701-100,nike.com/fr/t/chaussure-nike-air-force-1-low-07-pour-homme-2vtuTm6r/DO6701-236,Nike Air Force 1 Low '07,Chaussure pour homme,Aucun,Aucun,Aucun,Aucun,Dernières sorties,Aucun,3,"Blanc/Blanc/Blanc, Cream II/Noir/Cream II, Aucun",,
77,Nike Air Force 1 '07 SE Leopard,nike.com/fr/t/chaussure-nike-air-force-1-07-se-leopard-pour-femme-XOevZdXR/JA5714-900,Nike Air Force 1 '07 SE Leopard Chaussure pour femme,129.99,Aucun,Aucun,Aucun,Aucun,Aucun,Aucun,Nike Air Force 1 '07 SE Leopard,Chaussure pour femme,Aucun,Aucun,3,"Aucun, Aucun, Aucun",,
78,Nike Air Force 1 '07 Suede,nike.com/fr/t/chaussure-nike-air-force-1-07-suede-pour-femme-v0ot8Z6a/IQ0136-200,Nike Air Force 1 '07 Suede Chaussure pour femme,129.99,nike.com/fr/t/chaussure-nike-air-force-1-07-suede-pour-femme-v0ot8Z6a/IQ0136-200,nike.com/fr/t/chaussure-nike-air-force-1-07-se-shagreen-pour-femme-v0ot8Z6a/IQ0135-100,Nike Air Force 1 '07 Suede,Chaussure pour femme,nike.com/fr/t/chaussure-nike-air-force-1-retro-premium-pour-femme-v0ot8Z6a/IQ9722-201,Cacao Wow/Infinite Sable,Aucun,Aucun,Dernières sorties,Burgundy Crush/Noir/Burgundy Crush,3,"Cacao Wow/Team Green/Mint Foam/Soft Pearl, Sail/Sail, nike.com/fr/t/chaussure-nike-air-force-1-07-pour-femme-v0ot8Z6a/HV4406-600",,
79,Kobe Air Force 1 Low,nike.com/fr/t/chaussure-kobe-air-force-1-low-pour-homme-WlLlrBp6/IB0018-103,Kobe Air Force 1 Low Chaussure pour homme,119.99,nike.com/fr/t/chaussure-kobe-air-force-1-low-pour-homme-WlLlrBp6/IB0018-103,nike.com/fr/t/chaussure-kobe-air-force-1-low-pour-homme-WlLlrBp6/IB0018-006,Kobe Air Force 1 Low,Chaussure pour homme,Aucun,Aucun,Aucun,Aucun,Meilleure vente,Aucun,3,"Blanc/Armory Blue, Vast Grey/Blanc/Electric Green, Aucun",,
80,Nike Air Force 1 '07,nike.com/fr/t/chaussure-nike-air-force-1-07-pour-femme-hbLYXYJ4/DD8959-001,Nike Air Force 1 '07 Chaussure pour femme,119.99,nike.com/fr/t/chaussure-nike-air-force-1-07-pour-femme-hbLYXYJ4/DD8959-001,nike.com/fr/t/chaussure-nike-air-force-1-07-pour-femme-hbLYXYJ4/DD8959-100,Nike Air Force 1 '07,Chaussure pour femme,nike.com/fr/t/chaussure-nike-air-force-1-07-se-pour-femme-hbLYXYJ4/IF0498-101,Blanc/Persian Violet/Stadium Green/Blanc,Aucun,Aucun,Meilleure vente,Silt Red/Pink Foam/Metallic Gold/Blanc,3,"Noir/Noir/Noir/Noir, Blanc/Blanc/Blanc/Blanc, nike.com/fr/t/chaussure-air-force-1-07-low-se-pour-femme-hbLYXYJ4/IQ9964-600",,
81,Nike Air Force 1 Flyknit 2.0,nike.com/fr/t/chaussure-nike-air-force-1-flyknit-2-7EHtWGRa/AV3042-100,Nike Air Force 1 Flyknit 2.0 Chaussure,129.99,nike.com/fr/t/chaussure-nike-air-force-1-flyknit-2-7EHtWGRa/AV3042-100,nike.com/fr/t/chaussure-nike-air-force-1-flyknit-2-7EHtWGRa/AV3042-001,Nike Air Force 1 Flyknit 2.0,Chaussure,Aucun,Aucun,Aucun,Aucun,Meilleure vente,Aucun,3,"Blanc/Pure Platinum/Blanc/Pure Platinum, Noir/Noir/Blanc/Pure Platinum, Aucun",,
82,Nike Air Force 1 Low Retro Premium,nike.com/fr/t/chaussure-nike-air-force-1-low-retro-premium-pour-homme-CIeAyRJp/IM5755-101,Nike Air Force 1 Low Retro Premium Chaussure pour homme,139.99,nike.com/fr/t/chaussure-nike-air-force-1-low-retro-premium-pour-homme-CIeAyRJp/IM5755-101,nike.com/fr/t/chaussure-nike-air-force-1-low-retro-premium-pour-homme-CIeAyRJp/IM5755-100,Nike Air Force 1 Low Retro Premium,Chaussure pour homme,nike.com/fr/t/chaussure-nike-air-force-1-low-retro-premium-pour-homme-CIeAyRJp/IM5755-700,Wheat/Sail/Team Red/Wheat,Aucun,Aucun,Aucun,Aucun,3,"Summit White/Team Red/Metallic Silver/Summit White, Sanddrift/Pale Ivory/Sail/Sanddrift, Aucun",,
83,Nike Air Force 1 '07 LV8,nike.com/fr/t/chaussure-nike-air-force-1-07-lv8-pour-homme-oEJhgh9m/IR0952-100,Nike Air Force 1 '07 LV8 Chaussure pour homme,119.99,nike.com/fr/t/chaussure-nike-air-force-1-07-lv8-pour-homme-oEJhgh9m/IR0952-100,nike.com/fr/t/chaussure-nike-air-force-1-07-lv8-pour-homme-oEJhgh9m/IR0952-003,Nike Air Force 1 '07 LV8,Chaussure pour homme,nike.com/fr/t/chaussure-nike-air-force-1-07-lv8-pour-homme-oEJhgh9m/IR0952-002,Wolf Grey/Wolf Grey/Dark Smoke Grey,Aucun,Aucun,Aucun,Summit White/Summit White/Anthracite,3,"Blanc/Blanc/Noir, Geyser Grey/Blanc/Noir, nike.com/fr/t/chaussure-nike-air-force-1-07-lv8-pour-homme-oEJhgh9m/IV3415-100",,
84,Nike Air Force 1 '07 LV8,nike.com/fr/t/chaussure-nike-air-force-1-07-lv8-pour-homme-xRsZs8cj/IU7592-001,Nike Air Force 1 '07 LV8 Chaussure pour homme,129.99,nike.com/fr/t/chaussure-nike-air-force-1-07-lv8-pour-homme-xRsZs8cj/IU7592-001,nike.com/fr/t/chaussure-nike-air-force-1-07-lv8-pour-homme-xRsZs8cj/IU7592-078,Nike Air Force 1 '07 LV8,Chaussure pour homme,Aucun,Aucun,Aucun,Aucun,Aucun,Aucun,3,"Noir/Sail, Vast Grey/Sail, Aucun",,
85,Nike Air Force 1 '07 LV8,nike.com/fr/t/chaussure-nike-air-force-1-07-lv8-pour-homme-QyX8jhR0/IM5751-001,Nike Air Force 1 '07 LV8 Chaussure pour homme,119.99,nike.com/fr/t/chaussure-nike-air-force-1-07-lv8-pour-homme-QyX8jhR0/IM5751-001,nike.com/fr/t/chaussure-nike-air-force-1-07-lv8-pour-homme-QyX8jhR0/IM5751-100,Nike Air Force 1 '07 LV8,Chaussure pour homme,Aucun,Aucun,Aucun,Aucun,Aucun,Aucun,3,"Noir/Sail/Phantom/Noir, Blanc/Blanc, Aucun",,
86,"Nike Air Force 1 '07 ""Florette""",nike.com/fr/t/chaussure-nike-air-force-1-07-florette-pour-femme-SAhkjzYA/IR8637-001,"Nike Air Force 1 '07 ""Florette"" Chaussure pour femme",129.99,nike.com/fr/t/chaussure-nike-air-force-1-07-florette-pour-femme-SAhkjzYA/IR8637-001,nike.com/fr/t/chaussure-nike-air-force-1-07-florette-pour-femme-SAhkjzYA/IR8637-100,"Nike Air Force 1 '07 ""Florette""",Chaussure pour femme,nike.com/fr/t/chaussure-nike-air-force-1-07-florette-pour-femme-SAhkjzYA/IR8637-600,Pink Rise/Pink Foam/Metallic Silver/Pink Rise,Aucun,Aucun,Aucun,Aucun,3,"Noir/Off Noir/Metallic Silver/Noir, Blanc/Wolf Grey/Metallic Silver/Blanc, Aucun",,
87,Nike Air Force 1 '07,nike.com/fr/t/chaussure-nike-air-force-1-07-pour-femme-hjtc0QR2/IV6039-001,Nike Air Force 1 '07 Chaussure pour femme,129.99,nike.com/fr/t/chaussure-nike-air-force-1-07-pour-femme-hjtc0QR2/IV6039-001,nike.com/fr/t/chaussure-nike-air-force-1-07-pour-femme-hjtc0QR2/IU7557-236,Nike Air Force 1 '07,Chaussure pour femme,Aucun,Aucun,Aucun,Aucun,Aucun,Aucun,3,"Noir/Wolf Grey/Metallic Silver, Cream II/Metallic Silver/Blanc/Cream II, Aucun",,
88,Nike Air Force 1 '07 WB,nike.com/fr/t/chaussure-nike-air-force-1-07-wb-pour-homme-OTZ4C77A/CJ9179-200,Nike Air Force 1 '07 WB Chaussure pour homme,119.99,nike.com/fr/t/chaussure-nike-air-force-1-07-wb-pour-homme-OTZ4C77A/CJ9179-200,nike.com/fr/t/chaussure-nike-air-force-1-07-wb-pour-homme-OTZ4C77A/CJ9179-002,Nike Air Force 1 '07 WB,Chaussure pour homme,Aucun,Aucun,Aucun,Aucun,Aucun,Aucun,3,"Flax/Gum Light Brown/Noir/Wheat, Wolf Grey/Noir/Wolf Grey, Aucun",,
89,Nike Air Force 1 Mid By You,nike.com/fr/u/custom-nike-air-force-1-mid-by-you-10002286/1685956779,Nike Air Force 1 Mid By You Chaussure personnalisable pour homme,159.99,nike.com/fr/u/custom-nike-air-force-1-mid-by-you-10002286/1685956779,nike.com/fr/u/custom-nike-air-force-1-mid-by-you-10002286/2106261271,Nike Air Force 1 Mid By You,Chaussure personnalisable pour homme,nike.com/fr/u/custom-nike-air-force-1-mid-by-you-10002286/5822631487,Multicolore/Multicolore/Multicolore,Aucun,Aucun,Personnaliser,Multicolore/Multicolore/Multicolore,3,"Multicolore/Multicolore/Multicolore, Multicolore/Multicolore/Multicolore, nike.com/fr/u/custom-nike-air-force-1-mid-by-you-10002286/6127807627",,
90,Nike Air Force 1 Low By You,nike.com/fr/u/custom-nike-air-force-1-low-by-you-shoes-10002306/1886999330,Nike Air Force 1 Low By You Chaussure personnalisable pour femme,149.99,nike.com/fr/u/custom-nike-air-force-1-low-by-you-shoes-10002306/1886999330,nike.com/fr/u/custom-nike-air-force-1-low-by-you-shoes-10002306/2393840806,Nike Air Force 1 Low By You,Chaussure personnalisable pour femme,nike.com/fr/u/custom-nike-air-force-1-low-by-you-shoes-10002306/2805285795,Multicolore/Multicolore/Multicolore,Aucun,Aucun,Personnaliser,Multicolore/Multicolore/Multicolore,3,"Multicolore/Multicolore/Multicolore, Multicolore/Multicolore/Multicolore, nike.com/fr/u/custom-nike-air-force-1-low-by-you-shoes-10002306/7070266475",,
91,Nike Air Force 1 Mid By You,nike.com/fr/u/custom-nike-air-force-1-mid-by-you-10002287/2120804569,Nike Air Force 1 Mid By You Chaussure personnalisable pour femme,159.99,nike.com/fr/u/custom-nike-air-force-1-mid-by-you-10002287/2120804569,nike.com/fr/u/custom-nike-air-force-1-mid-by-you-10002287/2163453639,Nike Air Force 1 Mid By You,Chaussure personnalisable pour femme,nike.com/fr/u/custom-nike-air-force-1-mid-by-you-10002287/2646982836,Multicolore/Multicolore/Multicolore,Aucun,Aucun,Personnaliser,Multicolore/Multicolore/Multicolore,3,"Multicolore/Multicolore/Multicolore, Multicolore/Multicolore/Multicolore, nike.com/fr/u/custom-nike-air-force-1-mid-by-you-10002287/4523234192",,
92,Nike Air Force 1 Low By You,nike.com/fr/u/custom-nike-air-force-1-low-by-you-shoes-10002304/2255384254,Nike Air Force 1 Low By You Chaussure personnalisable pour homme,149.99,nike.com/fr/u/custom-nike-air-force-1-low-by-you-shoes-10002304/2255384254,nike.com/fr/u/custom-nike-air-force-1-low-by-you-shoes-10002304/4077806480,Nike Air Force 1 Low By You,Chaussure personnalisable pour homme,nike.com/fr/u/custom-nike-air-force-1-low-by-you-shoes-10002304/4311225433,Multicolore/Multicolore/Multicolore,Aucun,Aucun,Personnaliser,Multicolore/Multicolore/Multicolore,3,"Multicolore/Multicolore/Multicolore, Multicolore/Multicolore/Multicolore, nike.com/fr/u/custom-nike-air-force-1-low-by-you-shoes-10002304/6043660146",,
93,Nike Air Force 1 High By You,nike.com/fr/u/custom-nike-air-force-1-hi-by-you-10002298/4264899869,Nike Air Force 1 High By You Chaussure personnalisable pour femme,169.99,nike.com/fr/u/custom-nike-air-force-1-hi-by-you-10002298/4264899869,nike.com/fr/u/custom-nike-air-force-1-hi-by-you-10002298/4674946675,Nike Air Force 1 High By You,Chaussure personnalisable pour femme,nike.com/fr/u/custom-nike-air-force-1-hi-by-you-10002298/8563039723,Multicolore/Multicolore/Multicolore,Aucun,Aucun,Personnaliser,Multicolore/Multicolore/Multicolore,3,"Multicolore/Multicolore/Multicolore, Multicolore/Multicolore/Multicolore, nike.com/fr/u/custom-nike-air-force-1-hi-by-you-10002298/9409942501",,
94,Nike Air Force 1 High By You,nike.com/fr/u/custom-nike-air-force-1-hi-by-you-10002297/4285051922,Nike Air Force 1 High By You Chaussure personnalisable pour homme,169.99,nike.com/fr/u/custom-nike-air-force-1-hi-by-you-10002297/4285051922,nike.com/fr/u/custom-nike-air-force-1-hi-by-you-10002297/4778473677,Nike Air Force 1 High By You,Chaussure personnalisable pour homme,nike.com/fr/u/custom-nike-air-force-1-hi-by-you-10002297/6704988924,Multicolore/Multicolore/Multicolore,Aucun,Aucun,Personnaliser,Multicolore/Multicolore/Multicolore,3,"Multicolore/Multicolore/Multicolore, Multicolore/Multicolore/Multicolore, nike.com/fr/u/custom-nike-air-force-1-hi-by-you-10002297/7017805088",,
95,Nike Air Force 1 '07,nike.com/fr/t/chaussure-nike-air-force-1-07-pour-femme-lJn9klT8/IV6039-002,Nike Air Force 1 '07 Chaussure pour femme,90.99,Aucun,Aucun,Aucun,Aucun,Aucun,Aucun,Nike Air Force 1 '07,Chaussure pour femme,Aucun,Aucun,3,"Aucun, Aucun, Aucun",,
96,Nike Air Force 1 '07 LV8,nike.com/fr/t/chaussure-nike-air-force-1-07-lv8-pour-homme-jPCFIKqG/II9807-100,Nike Air Force 1 '07 LV8 Chaussure pour homme,83.99,Aucun,Aucun,Aucun,Aucun,Aucun,Aucun,Nike Air Force 1 '07 LV8,Chaussure pour homme,Aucun,Aucun,3,"Aucun, Aucun, Aucun",,
